wavelength,k
2.4e-07,1.213e-05
3.4e-07,5.249e-07
4e-07,4.806e-07
6e-07,5.491e-07
1e-06,6.446e-07
2.8e-06,1.047e-06
3.4e-06,9.47e-07
4e-06,5.125e-06
4.6e-06,2.676e-05
5e-06,6.322e-05
5.4e-06,0.0003302
5.6e-06,0.0003893
